"uuid","status","human_answer","human_difficulty","score","user_id"
"c971b9d3-4194-4183-bbfa-85b1709b8707","commented","[""G""]","hard","1","164"
"52386840-2b24-40a7-ae43-890232100e36","commented","[""F""]","medium","0","182"
"1eb40c47-fe5a-4f6a-ab2a-3c59b0954a13","commented","[""B""]","hard","0","155"
"0b78ff9f-c33d-4016-b886-57e411eba825","commented","[""A""]","hard","0","143"
"09c693c6-b0e9-4bcc-8570-c4d028ed2f33","commented","[""D""]","easy","1","172"
"9b6853d9-ee00-4b2d-badf-dea457696f2b","commented","[""A""]","easy","1","167"
"e3e26f0a-e688-498a-95e0-9920f3cd96ce","commented","[""C""]","easy","1","229"
"744199e6-a14d-4589-b3fc-0a21ffce30da","commented","[""A""]","medium","1","240"
"e190c9c0-23c9-435a-93a7-c7f59f5e04cf","commented","[""A""]","medium","1","152"
"ee9f394f-9826-44aa-bed9-160df1e1cc7b","commented","[""G""]","hard","0","157"
"a7cd7bba-8bf5-43f9-89be-9e2e9d584589","commented","[""C""]","medium","1","259"
"59be7582-2231-4dc9-950c-f803b84b5d2c","commented","[""A""]","easy","1","214"
"ff58e478-faca-41e1-844b-d73c080d12c2","commented","[""A""]","hard","0","160"
"59b7c81d-c5be-4dde-b4e0-f59f5c623fe6","commented","[""B""]","medium","1","141"
"3f3dd112-13f4-4fbb-a52e-28d9e8815252","commented","[""I""]","hard","0","203"
"3fd1542f-5007-4de9-b291-b6baac385bcb","commented","[""G""]","hard","1","279"
"d5b1c2fa-a4ba-4018-b8be-92054a51dc6e","commented","[""A""]","easy","1","222"
"754eee61-08f7-485b-8c67-603f1bfaa8fc","commented","[""M""]","medium","0","225"
"1631b661-b885-44d1-8aac-08b52e6d70b4","commented","[""C""]","medium","0","204"
"40034552-973e-4da4-8c8d-c244c84ed1bf","commented","[""D""]","easy","1","262"
"ba2ad9f6-e71f-4322-a097-c3ab063b57fa","commented","[""B""]","hard","1","258"
"94a028c2-0701-4d68-90a9-c31e011e90fa","commented","[""A""]","easy","0","224"
"ad2eaf3c-0d16-4c5d-bb5f-ce198e58b5e1","commented","[""A""]","easy","1","184"
"1dde3c14-4b18-412b-a213-b8101a02382c","commented","[""C""]","hard","0","160"
"b823521d-2698-40ff-85b9-7c650f373753","commented","[""K""]","medium","1","252"
"a577e3fe-2a08-402b-ad79-25c9e3b4f2a0","commented","[""E""]","easy","1","149"
"3bc88fff-8bea-46ee-bb6b-949a5aebe001","commented","[""A""]","medium","1","286"
"cb9608b1-a8db-43a6-93ab-aad3cc3dcc96","commented","[""C""]","easy","0","250"
"36067bc5-fcaf-4c38-96b8-9e7bf0c2f552","commented","[""F""]","hard","0","275"
"0f94e85a-8205-412f-814f-844dd902634f","commented","[""B""]","easy","0","173"
"85769907-8d39-4b82-8f8f-301e41502d22","commented","[""E""]","hard","0","170"
"d4f487f0-e2fa-4c97-8cc2-5833d1fb796a","commented","[""A""]","medium","0","208"
"91437f8f-9cea-4d95-8909-fd0c9e7a5e04","commented","[""H""]","medium","1","310"
"10d3dea5-0069-4a91-a8f4-61b5aad0ab86","commented","[""F""]","medium","0","220"
"78c99f29-aaf7-4986-b0b8-3fef9afd41d4","commented","[""E""]","medium","1","193"
"a2c8a95e-0281-4c26-afc0-8ad2010adb87","commented","[""G""]","hard","1","205"
"ce33b1b4-6c97-45b7-b3a2-64f0aaf4a81a","commented","[""A""]","easy","1","186"
"0d108be3-eeed-47ad-b9df-ac42991cfb74","commented","[""C""]","hard","0","195"
"aa72ccf7-16d2-46e5-b830-b138d5155a1a","commented","[""A""]","medium","1","270"
"c8c17383-28c0-4745-b740-14b660679ceb","commented","[""A""]","easy","1","239"
"3a005dcc-c7a6-411c-84d8-04523fbbb2f9","commented","[""A""]","easy","1","165"
"7103c6ac-2457-4eae-861f-b83b45539357","commented","[""I""]","medium","0","264"
"842740df-40a2-4884-8504-cdfa25467a97","commented","[""A""]","medium","0","295"
"4832b03d-5468-47f1-b816-b2a1960aa0b5","commented","[""B""]","medium","1","235"
"f350aaeb-0afc-4e30-b542-850bb5461534","commented","[""B""]","medium","0","221"
"b53fe8ea-4264-49c9-b71e-53e095f83f49","commented","[""F""]","medium","0","153"
"1370a99d-bb9b-4ebe-bbf1-5b3f01691c08","commented","[""B""]","hard","1","280"
"1226d404-7863-4c59-819d-d219c9460315","commented","[""E""]","easy","0","185"
"c9f69725-7239-466b-ae22-e551ff64f295","commented","[""F""]","hard","0","278"
"8efcd3ac-7235-4267-99ca-cd5956c2ae9b","commented","[""A""]","medium","1","151"
"c5be1407-f7ea-4f91-bf19-5d8755064199","commented","[""F""]","hard","0","307"
"726282ab-32c1-4b3e-a4c2-47ed065a1bc7","commented","[""A""]","easy","1","260"
"dfb5dc86-5c9b-4009-a434-79724c4f0314","commented","[""F""]","medium","0","169"
"b39939e7-7420-4dcb-86c3-39f3704f40d0","commented","[""D""]","hard","0","253"
"73689925-550e-4481-9189-339817f96757","commented","[""E""]","easy","1","188"
"d4afdb66-d2e7-4548-bab9-b7f8d9f84e3c","commented","[""D""]","easy","1","296"
"7a6628bb-9f43-4ec2-a00d-7008c968cae2","commented","[""A""]","hard","0","210"
"335437db-cb49-47b3-8c98-411981519879","commented","[""D""]","easy","1","233"
"55285475-ebb9-4a9d-bae6-23cebbba5dac","commented","[""D""]","medium","1","288"
"b1a74341-0134-4b3c-907c-da898bbf916a","commented","[""D""]","medium","1","159"
"8a1143d1-e819-43b7-922b-533b3554c25b","commented","[""H""]","medium","0","268"
"7efceebd-f78c-46dc-b852-30b423bf1295","commented","[""A""]","easy","1","312"
"9f49f1f9-3caa-4ff4-9a88-e2681766f5eb","commented","[""E""]","hard","1","255"
"450e73a8-8930-4f08-b4d3-07e24ed97a0d","commented","[""A""]","medium","0","198"
"c4c77bbb-3b2e-414e-b6af-c8eb446685dd","commented","[""E""]","medium","0","273"
"05ba7cae-3682-44dd-9018-f1bff6001ef3","commented","[""A""]","hard","0","226"
"374a1ad6-9b5a-4ada-9944-26ead15dcc96","commented","[""A""]","medium","0","202"
"0f1ceba6-5a93-42b0-a1a7-0b5ee2dcfd46","commented","[""A""]","medium","0","166"
"5a12bc03-c65a-4d31-870b-69097ab9fc04","commented","[""O""]","hard","0","232"
"8904e2d1-921b-439d-83b2-ae8d910f6bfb","commented","[""B""]","medium","0","197"
"84128cc3-ea33-4e73-b476-8c174362d244","commented","[""C""]","hard","0","301"
"099e4ad5-67ad-4776-84ca-3f71b5171821","answered","[""D""]","","0","145"
"3029c9a4-5719-47aa-aa12-1660650274e5","commented","[""A""]","easy","0","261"
"88f64b62-c6b9-4ae3-bdc4-135fe62e5d00","commented","[""G""]","hard","0","257"
"5c3527d9-ee9b-4179-9461-2f4da3b41f78","commented","[""E""]","hard","1","249"
"edba6c00-52ba-42f2-91f0-31c0010c1b2e","commented","[""B""]","easy","1","147"
"99929bc7-1bea-430e-932b-cfebea81ac5e","commented","[""D""]","medium","0","254"
"556ac154-364a-4224-a645-120ea8fbcf84","answered","[""L""]","","0","291"
"e8ea1b69-d865-4e01-8f88-ddf94eac2315","commented","[""D""]","medium","0","201"
"b7424229-6614-437b-86b2-a8b92f395e9f","commented","[""E""]","easy","0","162"
"9281e599-9ec7-48bb-ae3b-67ef6aa4f8c2","commented","[""F""]","medium","0","238"
"729370bf-d496-44b2-8d16-5297b231425e","commented","[""F""]","easy","0","299"
"804d167b-c9b7-4441-9af2-5a76240a7771","commented","[""F""]","medium","0","200"
"7e715a90-e88e-4c24-956c-4174f15626ef","commented","[""D""]","easy","1","176"
"0a2129a1-9844-43e9-bd51-3af984640362","commented","[""A""]","easy","1","246"
"461b6245-8c81-4335-897d-c017c8d765dd","commented","[""E""]","hard","1","223"
"fa7cfc50-350c-4d0c-8922-51d5c422993a","commented","[""E""]","hard","0","189"
"4ebb6825-0403-4be7-a15b-e972e76190fd","commented","[""I""]","hard","0","244"
"c329578f-9b74-4182-911a-7114f2b9ff12","commented","[""A""]","easy","0","281"
"ecb2cfd9-bd48-4dd6-b217-1d9df862fcd2","commented","[""J""]","medium","1","274"
"89b2d318-f08d-4104-a7e9-b63f262b824a","commented","[""D""]","medium","1","219"
"fd63ecf4-294e-4eaa-9897-05446f1ee9e5","commented","[""D""]","medium","1","247"
"e985d4ee-81bc-4b3b-9639-d7fea5338d9d","commented","[""D""]","easy","1","144"
"e9039322-3841-4dfe-834d-abd66cc984ab","commented","[""B""]","medium","0","311"
"bc947827-b024-4410-9dd4-2817c30690be","commented","[""E""]","easy","1","276"
"445c4de4-e7b9-4378-a253-e95e7b6814ee","commented","[""A""]","medium","0","234"
"021c1e1a-49a5-404b-931f-6a271e2811f7","commented","[""B""]","medium","1","313"
"771cb2c6-422a-4fd5-980d-15e74b82d138","commented","[""E""]","medium","1","265"
"44284912-9582-4cdd-9ce2-af6fe592c81b","commented","[""C""]","easy","0","146"
"72246f2a-277c-41a4-8129-8b31c729e2a0","commented","[""J""]","hard","0","300"
"81dc5360-c29d-4619-931c-4f7e6e6f552a","commented","[""A""]","easy","0","178"
"8bddb9f4-efe9-4d6f-a11f-d485dabffd1f","commented","[""G""]","hard","0","237"
"5ce5f84a-3db4-4b31-87ae-00853bd5492b","commented","[""B""]","easy","1","284"
"f6476c79-f206-45df-b9ce-922c0484f101","commented","[""A""]","easy","0","183"
"e5fb3b80-84c1-4f7a-91f4-526ec83d445e","commented","[""H""]","medium","0","158"
"d49b66d0-c416-48b0-8021-46446e6b8a4b","commented","[""E""]","medium","1","231"
"c1822272-71b3-4164-9d57-3a3f729fcec0","commented","[""B""]","medium","0","272"
"8f14727e-f04c-4661-b6a3-a2588975a922","commented","[""C""]","medium","0","256"
"19ce8dbc-1276-4d6d-a9e2-50f965e23eaa","commented","[""B""]","easy","1","241"
"842c1354-ed06-4239-8d51-6bea92cf8575","commented","[""A""]","hard","1","297"
"67da53ab-e1a3-4624-bf3b-065512239c7c","commented","[""D""]","medium","0","190"
"1e0fc6ce-ee70-4b88-830c-0cd9484303c2","commented","[""C""]","easy","1","181"
"83539cf3-c9dc-4824-92b9-c8f1c56fa13d","commented","[""E""]","medium","1","293"
"38ce9a5f-812d-4ab7-a38f-2085c79e723e","commented","[""A""]","medium","1","142"
"b0011c99-9e19-48d8-9990-dd067361eb08","commented","[""O""]","easy","1","191"
"a7ae9c5c-3221-4f47-be8a-f18acd2ba544","commented","[""P""]","medium","0","154"
"ec054602-56cb-40b7-b43a-fca053c16f44","commented","[""G""]","easy","1","171"
"83cb74f9-09bc-4cff-a32e-9d7bb51953f5","commented","[""C""]","easy","0","303"
"159f3bab-732e-43e7-83ba-ca2f6fbce7fc","commented","[""I""]","easy","1","248"
"e63abead-314c-4772-ab13-382c9aa3cfa6","commented","[""B""]","medium","1","213"
"84c04f55-55a7-4822-8d97-258f418e38d5","answered","[""E""]","","1","267"
"3e72484f-9553-460d-b171-61d2b3382cb5","commented","[""D""]","easy","0","251"
"b0a8691a-11ec-4722-b030-6b9d8654509c","commented","[""F""]","easy","1","283"
"10d4e65f-b828-4cc2-8001-bf84cd47c9e9","commented","[""E""]","easy","1","141"
"64b6f985-38f6-487a-a65b-b0ef60485dfc","commented","[""B""]","medium","0","217"
"deca1bfb-1baf-437e-8157-9cfb839abf2e","commented","[""E""]","medium","1","315"
"9104ca46-b2fc-4b0b-9df6-251f49b1fa6d","answered","[""C""]","","0","150"
"b7facfbc-6ad6-4156-9724-38252ef7e128","commented","[""C""]","easy","1","277"
"cfcbfa6c-7104-4fda-aab5-768e5c02d919","commented","[""I""]","easy","1","236"
"63327e71-5d5c-44ee-baea-87abbecfad51","commented","[""I""]","hard","0","271"
"77535381-1f37-4402-82f7-796fa523fd8d","commented","[""O""]","medium","0","263"
"f5efab46-9aa7-48f1-8dd3-e89d4021c38b","commented","[""B""]","easy","1","206"
"26acd208-56e4-4ef9-9a22-3121f5c0e05b","commented","[""A""]","medium","1","298"
"42b38b9a-3dcd-4575-b9de-6c0fdb03e417","commented","[""F""]","medium","0","141"
"a4386dc8-b2fe-4297-9e20-e103b2ff1dc3","commented","[""A""]","easy","1","304"
"4c1bb68a-a3aa-4701-a227-3292f5209ff1","commented","[""F""]","hard","0","242"
"b144485d-4a8d-4854-9f9d-aa85454a9be0","commented","[""B""]","medium","0","230"
"43a443b8-7638-40ca-b690-146a0948444a","commented","[""F""]","hard","0","228"
"5de72f1e-bc25-447c-a082-2c39cbaef6e5","commented","[""E""]","easy","0","141"
"7c802d99-344f-4304-9904-6d91b4e32fcb","commented","[""E""]","medium","1","174"
"2aad96cc-d3a5-4ca8-b249-a162d1b3c0d0","commented","[""M""]","hard","0","302"
"d7418b29-13aa-4701-9259-135ae5944e15","commented","[""A""]","medium","0","216"
"ecc5db0c-3bb5-4523-bd9f-7c9117bf52ef","commented","[""D""]","easy","1","292"
"1266c807-3d95-477e-9a2b-73c8bd812f69","commented","[""B""]","easy","1","168"
"c86273a3-8db6-4d97-bc97-59deda1fbceb","commented","[""D""]","medium","1","199"
"349be379-1b18-44c9-b267-1b6fc304107a","commented","[""N""]","easy","0","141"
"aca969d9-35b9-463b-a0ac-158a28a6876f","commented","[""B""]","easy","1","306"
"ee3f9c04-bc04-4855-a4be-7e551b51e9cf","commented","[""H""]","easy","1","227"
"6116f600-ce80-41ce-832c-e7f1e4ee2b72","commented","[""F""]","medium","0","309"
"9e7db8c7-8dec-43e3-8d5b-3b77a05a74f7","commented","[""C""]","easy","1","245"
"817b2c60-3c8b-4b2d-99ae-df251d961a5e","commented","[""B""]","hard","0","305"
"aeccaded-a9b2-4bff-a4c4-b9c498b8e07c","commented","[""L""]","hard","0","266"
"64b6573b-ab36-4469-86bc-44e0755e281a","commented","[""A""]","easy","1","243"
"6466007d-ecd4-4c4e-895e-3d748922bec8","commented","[""C""]","easy","0","269"
"52f6be9e-3c7b-4ac1-803d-654a8167b6e7","commented","[""A""]","hard","0","212"
"ce2a0f89-331d-40a5-96c5-f5a5423c801d","commented","[""D""]","easy","1","287"
"8fea2bbf-13b5-4a0e-b56e-15ba631450e5","commented","[""L""]","easy","0","148"
"66d941e1-0f03-4462-bcd9-bcb78162c54b","commented","[""D""]","medium","0","156"
"f216ce16-0ae3-4eb1-be82-4fb4ed6a94da","commented","[""E""]","easy","0","290"
"c38bbc12-b5ef-4ec6-beac-989f406eaa71","commented","[""E""]","hard","0","161"
"a4f0931c-189a-4a56-bc32-68ad4e8cfca9","commented","[""P""]","hard","0","235"
"216bc1df-defb-4e5b-8b95-794a119dbc6f","commented","[""I""]","medium","0","282"
"885038bd-32f7-4908-b7e1-c0b1f6c45bed","answered","[""A""]","","0","308"
"53c5bf49-b6a0-496b-b886-4b0da0ff22fc","commented","[""D""]","hard","0","177"
"604a1e43-0a2c-43ca-8072-dc9370059e3c","commented","[""B""]","hard","0","187"
"c221f02d-f2dc-4662-8b6c-d8362644f767","commented","[""R""]","hard","0","211"
"46cfd641-6ccd-4ee3-936e-2da4b9aa1a4c","commented","[""F""]","medium","0","192"
"c17cf711-a319-4d52-8c9f-8a976f15cf01","commented","[""D""]","hard","0","209"
"fc0c2c01-aebe-4f0e-bcab-f916a9a86a68","commented","[""F""]","medium","1","196"
"44bc220c-f303-436b-80e7-d23d6358b711","commented","[""C""]","medium","1","289"
"ed2cc22c-ea7e-44d1-87d2-220deb0f7568","commented","[""H""]","medium","0","294"
"542f4a09-9aa9-4248-9226-a801771db489","commented","[""A""]","easy","1","207"
"6df2ed38-6e55-4fdd-9ba6-ad911de566d9","commented","[""H""]","medium","1","314"
"344f667d-0765-478f-b81f-7d8c79888491","commented","[""A""]","easy","1","235"
"953b0a83-7807-4e93-a5ee-77bc9b1b5d61","commented","[""C""]","hard","0","161"
"d29343ea-f3ec-496d-81cb-9bfd51eae269","commented","[""I""]","hard","0","235"
"8d9d9351-8f55-4092-a9f1-c5e8f38d95a2","commented","[""B""]","hard","1","285"
"2365d179-ce23-46ac-bcc7-8a11519ad62c","commented","[""F""]","medium","0","242"
"f52cec6b-7afa-4f51-9f76-0e465d7c7853","commented","[""J""]","hard","0","218"
"d664eda3-3c13-43c0-be93-156f3046a7c4","commented","[""A""]","hard","0","176"
"ad16171a-e01a-4002-a1e8-eef1a8d204b2","commented","[""E""]","easy","1","161"
"f13c8787-7664-4ccd-a362-5a7c7aa525b7","commented","[""O""]","medium","0","235"
"ec249665-7b59-4729-a977-4f4640ca1be0","commented","[""A""]","medium","1","161"
"e5b46bbc-20bd-49ef-bf13-9c20f87a3e4a","commented","[""D""]","hard","0","161"
"3fbe281d-4cdd-494b-a173-6ccc06455b30","commented","[""D""]","medium","1","194"
"7ddaef6f-de5b-4578-a6e4-462675e30e08","commented","[""D""]","medium","0","215"
"d1faa6d8-dc0c-48a4-84fc-24d18854b568","commented","[""C""]","hard","0","176"
"8e90cdd3-dc0e-4395-8115-4dacaedbb431","commented","[""H""]","hard","1","176"
"f2dfb9c0-69cf-4120-a366-67f33a9c77df","commented","[""B""]","easy","0","176"
"46c79615-3f86-42d9-a88b-77d0222a7316","commented","[""B""]","medium","0","256"
"27958002-3731-4966-bf4b-ba3630cccc9a","answered","[""J""]","","0","175"
"27fd7a8f-19bd-4b38-ba90-a0a6e5513559","commented","[""E""]","hard","1","278"
"98cbbdd6-54e4-4a8c-8917-4f597bad44f0","commented","[""D""]","hard","0","278"
"64ab864f-beec-4d68-98c5-6baf78e89de8","commented","[""O""]","easy","0","278"
"72c0101f-9f3a-4e45-9e4c-78d38f30fbf5","commented","[""E""]","hard","0","278"
"fdd934c0-a4d0-4dfd-b636-207fb3c5314f","commented","[""G""]","easy","0","312"
"9e42e4c4-8840-4c7a-bb22-3cee0536d2ba","commented","[""D""]","easy","0","212"
"59986e69-40f5-4e99-9ccd-170e69d22ad4","commented","[""C""]","hard","1","287"
"07377a1e-b966-48a9-bc58-ebc05d3111c2","commented","[""M""]","easy","1","219"
"5ab3d4a4-daa6-4b45-aec5-a8176efd59fe","commented","[""J""]","medium","0","279"
"393331f2-70b5-4b9b-87de-a41e05f0b9ac","commented","[""E""]","hard","0","163"
"68e3b65e-6920-460c-b381-abd7a80a7d06","commented","[""E""]","medium","0","250"
"63aa80ea-2efb-45b6-9a97-fd6169d76e2d","commented","[""F""]","hard","0","155"
"59a7aead-3f9c-4764-89c1-94bc062713a5","commented","[""A""]","easy","1","187"
"fac3b524-af18-4946-8d9b-3a7ce13f9018","commented","[""E""]","hard","0","306"
"cd253406-ce46-4edb-95f4-9165fcae0393","commented","[""E""]","hard","0","287"
"2e417a32-346c-44e4-9f6b-5e259272d357","answered","[""A""]","","1","308"
"05a5fe6c-fa7a-46be-85c8-5a3dbdd2a1c6","commented","[""C""]","medium","0","172"
"764c7a94-cbad-4439-8a5f-867e13a48b66","commented","[""A""]","easy","1","212"
"21d49b47-3398-414a-a726-cd84c21a9377","commented","[""F""]","medium","1","307"
"28fa4ee5-8ff2-4601-bb27-0ef95d2fa983","answered","[""C""]","","1","150"
"c303881d-0177-4235-916f-b6a1b1835f95","commented","[""B""]","easy","1","229"
"51912ed8-a279-4425-a4e8-168f6d3e9592","commented","[""A""]","hard","0","167"
"84b854f4-cc8b-4e76-9a4c-b3df15acf13f","commented","[""F""]","medium","0","282"
"2779800d-f80c-45da-beee-c2fc5a08a1d2","answered","[""A""]","","0","150"
"5e1d4a78-e5e2-422f-838b-8d829930a361","commented","[""F""]","medium","0","242"
"72356220-8282-414b-9257-17d224e0298e","commented","[""D""]","hard","0","169"
"e0729340-2975-452f-a69c-4e08e1d643cc","commented","[""A""]","medium","0","188"
"bb63038e-f35f-47b4-bb15-262d93c716cd","commented","[""A""]","medium","1","144"
"4bb4b26e-483d-4d4a-92ff-854af6509037","commented","[""B""]","medium","0","168"
"ec647bff-f135-480a-936a-1109ea2262c4","commented","[""F""]","medium","1","159"
"94795556-4218-4178-811a-37ffcbb41a17","commented","[""E""]","hard","0","142"
"032688bc-f3f3-43b6-b1e4-f99da804a66d","commented","[""B""]","medium","0","184"
"1f4ac4d3-3829-4d25-beba-1d6b218e356e","commented","[""J""]","medium","0","287"
"a566a9e2-a9c9-4201-9f45-b896ca6fbc66","commented","[""F""]","medium","0","243"
"dfc54a7c-be8b-4738-ba69-1e43bb273778","commented","[""E""]","medium","0","287"
"5116f31c-fdc4-4663-b1d3-bc04125ebe46","commented","[""C""]","medium","1","284"
"3f736e36-32e0-4108-952c-dd108916d651","commented","[""D""]","easy","0","276"
"346b076b-133f-4b52-bc6c-d627a97adf28","commented","[""J""]","hard","0","211"
"9d0387b6-167c-47e1-9fdf-2632d37534a0","commented","[""A""]","easy","1","286"
"bfac3fd2-4335-4723-8514-fe5826fc25d0","commented","[""E""]","medium","0","237"
"8fb976b4-80eb-4ce0-aa5c-7a5538f4c989","commented","[""C""]","easy","1","316"
"475c0669-cb41-4032-bc74-d5b98ca53077","answered","[""E""]","","1","308"
"f8f183b0-bd4b-408c-b4e2-03882fdd7cbe","commented","[""G""]","medium","0","246"
"5cce85d7-acd0-4a4d-bd0f-3f158b0cf6d1","commented","[""E""]","medium","1","187"
"da0b1456-10e3-4ad0-a31c-40f80bcc678c","commented","[""G""]","easy","1","271"
"e1fa215f-24b4-47c2-8133-929c93a003b1","commented","[""D""]","medium","1","277"
"379746b0-6fde-451b-9da8-b9db1e76bcb0","commented","[""B""]","medium","1","201"
"f5863319-964f-4919-bdc3-173d2a219ec8","commented","[""I""]","medium","0","239"
"c75d8852-ff25-4d5d-bbe9-59f8df095e9e","commented","[""F""]","medium","0","200"
"af6a5523-b90c-4bb5-b2c5-cd860296fb0f","commented","[""C""]","hard","0","215"
"045c56b3-5877-4d2d-a346-15e9ea4f7d11","commented","[""A""]","easy","1","222"
"de061f5a-2954-4fff-b07c-0fb35bb6c838","commented","[""N""]","medium","1","185"
"49b65633-c413-4995-8b71-b44f71550209","commented","[""A""]","hard","0","289"
"cfcf63bd-ea7c-48dd-a644-1e8b410e3aa3","commented","[""B""]","easy","1","142"
"63048da2-bace-4b78-ad5d-84be5f461fa5","commented","[""E""]","medium","1","163"
"f4f905a0-6f9f-4a51-ae91-3a1f0d787a42","commented","[""C""]","hard","0","206"
"3eba5ced-0b66-4842-a954-c8c573a3a204","commented","[""C""]","medium","0","269"
"6e93eb5d-67ba-4594-ac5c-d555cdca8560","commented","[""D""]","hard","0","285"
"8eccba60-ed36-4d9b-83de-e636168b9964","answered","[""C""]","","0","313"
"58652fe9-44f9-47e7-ac6e-ad192b7ee6dc","commented","[""A""]","hard","0","240"
"b4b7142f-d520-44de-9ef6-980146c07260","commented","[""B""]","medium","1","151"
"9f5f9c12-a1e9-4d2b-aaf0-a68d4d9e0448","commented","[""C""]","easy","1","261"
"2e69e658-93fc-483a-aea1-36508af2cc3a","commented","[""F""]","easy","1","219"
"2327dcfe-f7d0-426c-bf65-503fc7bd84c6","commented","[""B""]","hard","0","162"
"80321545-0bc3-45c7-8938-49f2d0cdab57","commented","[""E""]","easy","1","233"
"d648a342-4a7e-4d9f-b082-e0ef5d51ec0e","commented","[""H""]","medium","1","181"
"1d8fc614-f4c9-4ce5-b8f2-060e138e7d3a","commented","[""A""]","easy","1","315"
"0e454679-63b6-4f23-9d10-53fc504fc1b6","commented","[""B""]","easy","1","171"
"81cb09aa-de54-454e-b1b1-ab4490cc5b7b","commented","[""E""]","hard","0","288"
"ed0f4ce8-0596-4793-b745-b8b74e63d8e9","commented","[""F""]","medium","1","301"
"3fb46c75-e8ae-4043-9be9-37dd91b08d7c","commented","[""K""]","medium","1","236"
"82c796db-86b6-4e22-ba9e-e37229a71d3d","commented","[""I""]","hard","1","283"
"ab54b7b5-3c63-4c26-a1db-76ff766ebc36","commented","[""D""]","medium","1","149"
"5deb012a-adfe-4e78-a758-b2323482ff79","commented","[""H""]","hard","0","172"
"c091174a-5cec-4ce5-93c0-9a8308c2e413","commented","[""D""]","medium","0","212"
"c5e905e4-0753-4607-b1e7-7ccea5b600a7","commented","[""J""]","medium","1","169"
"af902ba7-3f34-4700-a73b-5d6ea7bbb90c","commented","[""C""]","medium","1","294"
"03d48462-6a7b-41b8-8460-d1f96a4803d7","commented","[""D""]","easy","1","225"
"5da86aa5-5022-4594-91f0-edc0964382f8","commented","[""G""]","medium","0","227"
"b02ba301-f6a5-413a-ac4a-61a9d32e90d0","commented","[""F""]","medium","1","213"
"d575677e-b0bb-40f1-ade7-3c75872476bc","commented","[""C""]","easy","1","157"
"14314174-3091-46e6-85bf-186ba146db8f","commented","[""G""]","medium","1","248"
"4885c891-9fc7-415f-bdf0-8bde7122bfc6","commented","[""P""]","medium","1","298"
"8e7d5221-c515-4067-9bf0-bea6d538dd7e","commented","[""B""]","hard","0","310"
"7d2af30e-d343-4be0-b59e-f4efc0504448","commented","[""F""]","hard","0","147"
"0985f9c0-44e4-45f7-a47a-62dae31a7f88","commented","[""C""]","easy","1","275"
"4ed4c922-7fe0-491d-a5aa-f993d73c8f3a","commented","[""A""]","hard","0","288"
"3e03fe7b-39a4-42e7-9f80-ab82a2e7b149","commented","[""A""]","easy","0","206"
"8419a121-c833-4b88-8d2c-4904894842a8","commented","[""U""]","easy","0","273"
"4afffc47-2ac6-4d1f-aa2e-0af47eaf7206","commented","[""B""]","easy","1","170"
"9bbdf2dd-0e59-4b6d-b80e-5ce0e43cc871","answered","[""F""]","","1","291"
"24c9c73a-13d9-4f72-b330-35aef0da16fc","commented","[""G""]","medium","1","309"
"b7871eac-5864-4be7-9f64-e7b0c4b1654c","commented","[""D""]","medium","1","167"
"fd5c7a03-5c5e-4b2c-8b67-08250d8d8ae7","commented","[""E""]","medium","0","143"
"a3dae3be-3766-4e2e-9868-1a98bda13db8","commented","[""A""]","easy","1","305"
"d4630ffe-2e96-4ea2-b9b2-916be3ce6739","commented","[""A""]","medium","0","210"
"111fb35b-8313-4d6c-b632-0ba44b778136","commented","[""D""]","medium","0","195"
"24d7afca-4204-4748-80b5-f50c86083eac","commented","[""D""]","medium","1","181"
"a795ef2a-aa61-4522-97ff-1e021bd16355","commented","[""A""]","medium","1","202"
"c41ac11f-fad1-48b2-a309-b4fd6b09f01f","commented","[""I""]","medium","1","293"
"f0d58217-b76b-4a04-bbd3-0a53dcfd2a10","commented","[""A""]","easy","1","181"
"b2bc78e4-b167-4e91-99c8-1f3258905c93","commented","[""A""]","medium","1","255"
"e3ca3c37-d1af-46e6-8a18-8829268c8b98","commented","[""L""]","easy","1","266"
"8af2a4d4-8113-47bf-984a-789c16e9cc4c","commented","[""C""]","easy","1","156"
"77b2b10d-19ef-47d6-aa0c-cb6988740820","commented","[""H""]","hard","0","226"
"3928c7ab-e870-42b8-b36d-b74a34cbea94","commented","[""L""]","hard","0","181"
"79eb986a-4cac-40bc-873b-b095f438600a","commented","[""A""]","easy","1","229"
"aa1a3591-3a46-4f99-a0c1-e1a8bc12d132","commented","[""B""]","easy","1","156"
"bb01b9e1-c780-47ee-bd26-e7d42aaddff6","commented","[""J""]","easy","0","218"
"7a4afaed-9325-4693-878e-62bda5488ee6","commented","[""C""]","hard","0","205"
"6d617bb0-1876-46ed-8b3e-8759297ba3c6","commented","[""E""]","medium","0","164"
"0b12ab14-7214-4c8e-804a-43277cfa63a7","commented","[""C""]","hard","0","255"
"4dedfcf8-6bc2-41b9-85ae-f96cf5c0ec37","commented","[""G""]","hard","0","247"
"fb784364-3bc2-42c1-9766-b6ea94d81a06","commented","[""D""]","medium","0","255"
"01f3aeb3-ac65-486a-9d8a-2b109e18252d","commented","[""A""]","medium","0","238"
"b2a413da-edc9-4484-b675-9033244dc35c","commented","[""F""]","easy","1","255"
"6bd9d34c-4981-4427-935e-4b9004fdf572","commented","[""F""]","easy","1","299"
"a14fc9b7-e72a-4f65-92bf-a9c18482eb67","commented","[""B""]","medium","1","207"
"fef65f0f-6630-4973-a72f-758d41f5a4dd","commented","[""E""]","easy","1","192"
"f8b10e77-4a0f-487f-8179-e49636b2ef9e","commented","[""E""]","hard","0","237"
"a1bbf5f0-7b08-428c-bd0c-39d9f009363a","commented","[""N""]","easy","0","189"
"fef104af-358a-45ad-94d4-1cb85a2cdcff","commented","[""F""]","medium","0","245"
"155414d3-f7d0-4eaa-b70a-e310ace7c7c7","commented","[""B""]","hard","0","186"
"b2a22412-9094-43c8-9eaf-96d834a22b8b","commented","[""C""]","medium","0","148"
"b592c155-bc10-46ad-975a-c89991c67ef9","commented","[""C""]","easy","1","170"
"ea4a48b7-f64d-418d-b13a-16141593c498","commented","[""C""]","medium","0","157"
"8acd9c05-66fb-4c83-a504-7517d9f5bfb3","commented","[""F""]","easy","0","170"
"8b3fbcfc-7331-4265-a41a-0708fc930cf5","commented","[""G""]","hard","0","170"
"c1ce0085-0a6b-4fc4-97d4-9de12e25df78","commented","[""C""]","medium","1","280"
"2116c841-f996-4bae-98c3-3f5c95e21ff7","commented","[""D""]","easy","1","220"
"bf841154-c942-43d3-97dd-a5aa5aa1a439","commented","[""B""]","medium","0","290"
"93f72dc5-7244-49ae-b90e-54da731ca129","commented","[""D""]","hard","1","259"
"bdba5ec3-0c27-48a7-99ea-2b7606eeb439","commented","[""E""]","hard","0","234"
"979f9288-b825-407a-a793-ad04fe709819","commented","[""D""]","medium","0","166"
"0507598e-30ac-472e-8795-09ee7c5c4c3e","commented","[""D""]","hard","0","314"
"b3f0fb8c-addc-4ba3-9ef9-d3e241f7b76f","commented","[""F""]","medium","1","296"
"e7c2cc8b-4a82-403a-b15e-d115a7311e7c","commented","[""K""]","medium","0","178"
"ab8679da-9305-40a5-81c5-bf47313d1620","commented","[""C""]","medium","0","165"
"7cdd3471-6c7f-462f-b1b3-cfe111e58175","commented","[""B""]","medium","0","215"
"89565a4d-f157-40b6-921b-32a642698ebd","commented","[""H""]","medium","1","182"
"08858fb3-30f1-4127-ba3a-4dd84f01ad40","answered","[""N""]","","0","291"
"81b3ec04-1d02-4863-a85b-b2c19a81c6c7","commented","[""H""]","medium","0","153"
"ef451d42-8e4f-4ddf-bc55-d1a26690b76f","commented","[""O""]","medium","0","262"
"7e3c9ae6-b70c-4aaf-bdec-ab813548025b","commented","[""C""]","medium","0","216"
"3e335c5c-4d99-45fc-ac95-1b40362b2d79","commented","[""A""]","medium","0","152"
"845a096b-14ef-4c94-9bc1-23d21e295509","commented","[""D""]","easy","1","163"
"0f31bbdf-1493-4a14-9a67-c88ebaa1343a","commented","[""H""]","hard","0","263"
"4f69622a-1f6c-4218-8ae2-25826c464d71","commented","[""B""]","medium","1","187"
"33c0f392-8f01-41c3-a742-6970380cb89a","commented","[""B""]","easy","0","183"
"d176ddd1-d46b-4690-9c0f-ea9a90d4c2fd","commented","[""D""]","medium","0","214"
"120f45f9-ad02-4ba5-b917-76b7fb465dec","commented","[""B""]","medium","0","200"
"537aec36-fd79-484b-85d7-bb70029fbc83","commented","[""E""]","medium","0","162"
"e9b6266f-3cb6-4591-bd7d-5a4b07d6c58f","commented","[""B""]","hard","0","241"
"27e9de53-fc22-4fbc-b604-9de2f739d2a7","commented","[""A""]","hard","0","142"
"52ca56e9-0bac-441f-83bc-f6a006a71719","commented","[""H""]","easy","1","205"
"4affb058-7356-48d0-a94c-cd113e35edb6","commented","[""B""]","easy","1","191"
"d530f238-668d-41b9-9b03-0296cd1a8a6e","commented","[""A""]","medium","0","292"
"d6c9db11-64b3-43f2-898f-8fe750910b5b","commented","[""F""]","easy","1","153"
"5fcb7fc2-10e1-4bbf-be51-d934ea73e161","commented","[""D""]","hard","0","153"
"d83261e2-401b-4b6d-9785-679e865fd364","commented","[""D""]","easy","0","223"
"c5663021-b050-4096-a5e9-c495f9e52b56","commented","[""A""]","easy","1","260"
"92783dfd-7b48-418e-a4e7-6792e107b146","commented","[""C""]","hard","0","143"
"57ecf06d-f2f0-47ea-bc5d-a8a28a37cf49","commented","[""D""]","hard","0","155"
"cade17db-5eae-4b3e-9db2-15dbb73e9c70","commented","[""I""]","hard","0","153"
"1901978e-b042-4fb2-9d48-5bd0ccc83c15","commented","[""E""]","medium","0","286"
"033374b7-9e65-4322-9e2d-c81f9bb3521a","commented","[""B""]","hard","1","173"
"fc62b9ec-ff35-48b9-86f9-4c4c900bcd80","commented","[""E""]","easy","1","190"
"53a4c7e8-f6d5-4e8d-a71b-cfb6af3eba9b","commented","[""C""]","easy","1","271"
"4c1e430e-d46e-493f-a7ad-b4981f6d0dfd","commented","[""A""]","hard","0","303"
"4c574180-6019-44e4-a009-31a6b33cf408","commented","[""E""]","hard","0","238"
"a6e56bb4-e15e-4616-8cd1-91dfa3b1328e","commented","[""E""]","medium","0","184"
"e4145187-f55a-4681-952c-8d73c281bfca","commented","[""H""]","hard","1","310"
"bd2d9069-9ebf-41b4-855c-517bd5bdeae6","commented","[""J""]","medium","0","295"
"f3639487-5f86-42c3-844a-516c02550d85","commented","[""F""]","medium","0","252"
"7bf65783-f66d-40dd-8472-9ed3c9a0a9a3","commented","[""H""]","hard","0","197"
"8c6a1b0c-866f-47e8-bada-c2b27d3f7e28","commented","[""V""]","hard","0","303"
"c7e08a43-7704-46f2-a048-3bf066636c16","commented","[""A""]","hard","0","151"
"56fa7ef1-b7f3-4226-a003-ffe84fa0b24a","commented","[""L""]","easy","1","261"
"5d9a9e08-3ddd-464e-9f2f-4371d30d13c4","commented","[""G""]","medium","1","274"
"b0e74a86-4843-4a47-8d2a-9124851df85c","commented","[""D""]","medium","1","275"
"dfab5c46-83f5-4833-bb37-714d35c9c0ad","commented","[""C""]","hard","0","151"
"05d861ea-31c2-4bb2-b9fa-1ffe6a6c4799","commented","[""E""]","medium","1","160"
"11ea125f-41f1-49bc-9618-6fc419a6f031","answered","[""C""]","","1","267"
"f3cd121a-c0b5-49f0-899f-9023c37f9291","commented","[""F""]","hard","0","171"
"b36b48e5-3e8f-4ddb-8311-ae9bf8e656cc","commented","[""D""]","hard","0","225"
"788059a2-92de-4ff0-b070-7172ee606915","commented","[""K""]","hard","1","244"
"7bede66a-a75c-47b8-8454-8656a64afa36","commented","[""B""]","hard","0","276"
"20707269-48f3-46ba-8b8e-11015e4b14e4","commented","[""C""]","easy","1","157"
"cec92364-99ed-4d9b-afea-529d7994b557","commented","[""G""]","medium","1","202"
"979d3970-c105-4d0f-9f40-34bd41e50f0f","commented","[""F""]","easy","0","271"
"c6299126-cf3b-4977-bc3b-61a8976fabe4","commented","[""C""]","easy","0","226"
"4ccec103-fbc8-45bd-90b7-131974e9c370","commented","[""A""]","easy","1","281"
"bfa22d6c-ac1b-4a08-8080-4f4d603f63ab","commented","[""C""]","medium","1","208"
"bb034d1d-6756-4157-a843-365f9ea9162f","commented","[""H""]","easy","1","173"
"e3eecd84-d362-4f7c-b56b-9960c64a6dda","commented","[""A""]","medium","0","307"
"4c912ae5-f056-4a02-8fe4-cd9892654592","commented","[""A""]","hard","0","279"
"0426981f-c817-4a4d-9de0-8770c3802b65","commented","[""C""]","easy","1","230"
"d86fcb3d-4efa-4139-a977-83f41ec507d3","commented","[""I""]","medium","1","173"
"b2a56920-01ab-47fe-b51e-434beff5be8b","commented","[""B""]","easy","1","173"
"7a51e505-f206-42d8-adde-c22b967dd636","commented","[""C""]","medium","0","189"
"acd48d50-78f6-41d9-b0d3-ac11f17e5a1e","commented","[""I""]","medium","0","302"
"bca7ad63-4409-4cf3-98c7-7513fe907933","commented","[""A""]","medium","1","207"
"c4d053d9-763b-4d49-8dff-3b72e9cbd457","commented","[""D""]","hard","0","232"
"ad9d7a18-b0a7-401e-953c-59463f2243d4","commented","[""G""]","medium","0","224"
"8aa6cf51-f824-4614-a1fe-1384dd80b6d0","commented","[""B""]","easy","1","229"
"700d974f-e166-4721-a31a-0c5ff52e2ffd","commented","[""A""]","medium","0","159"
"2c2da724-aff3-46ac-acfe-fe35ab0de7bc","commented","[""E""]","easy","1","239"
"d3d9b897-563d-47a1-b215-f9905bbc36db","commented","[""I""]","medium","1","315"
"333ada13-ebd7-4988-a34b-5852afadf24f","commented","[""E""]","medium","0","156"
"4572c4b5-64f1-47ce-a557-cbb736b3aeea","commented","[""F""]","medium","0","270"
"cde4b445-eef4-4150-90b1-d878c004d822","commented","[""P""]","hard","0","201"
"9636d21f-3236-425f-9a52-03cdf127ef3a","commented","[""F""]","easy","1","218"
"8912e6b6-3cfa-44d4-ae19-4726ca8633c2","commented","[""C""]","medium","0","200"
"b795fe0f-e0ca-4bb9-a198-a82ec06a68ec","commented","[""R""]","medium","0","194"
"899eb4b3-2fee-47c2-b197-89acce801901","commented","[""B""]","hard","0","168"
"974a6e53-6f6b-4e0a-9e3b-6b9227058360","commented","[""A""]","medium","1","202"
"54e33320-ab13-4d2f-9b31-b999bae1f25e","commented","[""G""]","easy","1","191"
"c49a3ddb-ee65-4b4b-ad39-4a9abf2984da","commented","[""F""]","hard","0","285"
"03418103-638c-4927-9b65-4dffdc4b050b","commented","[""E""]","hard","0","157"
"34026e17-7445-4783-9c20-7cab8333a694","commented","[""E""]","medium","1","243"
"018d986c-9919-4c0e-aa75-2dda9e209cfd","commented","[""F""]","medium","1","143"
"8f3a3db0-5f08-42f7-9012-04e66652b3a4","commented","[""B""]","hard","0","226"
"72933c79-dddb-4483-9d32-39503bff0ff1","commented","[""F""]","medium","0","294"
"5fd199d7-2070-4dd1-b87b-4bf90d9c96ea","commented","[""F""]","easy","1","253"
"4fa4e8af-a73b-4795-8d65-2b71266968ab","commented","[""O""]","medium","1","316"
"56ff6149-5b01-4621-850c-38211cf6099c","commented","[""H""]","hard","0","209"
"ad588d26-51c5-4c81-9365-2beb6cb347fb","commented","[""F""]","medium","1","270"
"ebc73415-4d03-4c34-a1bc-70f26c698e3b","commented","[""C""]","medium","1","283"
"5aba8f13-8fb4-45fd-87a0-3ebb710a3de0","commented","[""J""]","medium","0","256"
"c2b6d86e-89d7-4f3d-90ac-f485129ea8dd","commented","[""A""]","easy","1","237"
"0189fa7d-fea5-48bd-9175-a089e02072ca","commented","[""G""]","hard","0","155"
"9f0aa584-1659-49c9-b813-ab7d2cdf1c04","commented","[""E""]","medium","0","222"
"a49867a4-1b1d-48a7-ab99-94d86d909ba0","commented","[""E""]","medium","0","305"
"f6fc63c6-5a74-4705-9ec5-cd2e5628442b","commented","[""H""]","medium","1","312"
"818801da-9247-409d-9137-f71875e535b0","commented","[""G""]","hard","0","298"
"c35cd490-73fa-40f2-a955-09c28c037022","commented","[""B""]","medium","0","163"
"c37c8e5b-f8f9-428c-8b40-256cc30363ca","commented","[""D""]","easy","1","246"
"6faf1b75-04e6-465b-b703-571d8d8b9de8","commented","[""A""]","hard","0","259"
"76c44644-dd96-4346-bdc1-8986b195c429","commented","[""D""]","hard","0","242"
"ba9b6c88-5f71-4883-9e66-4ac583bb364b","commented","[""C""]","easy","1","236"
"a4368ba2-2209-406b-b14d-7f5badfa2f2c","commented","[""M""]","easy","1","288"
"294f2b24-f266-4ab4-ad98-6987070c3659","commented","[""B""]","medium","0","306"
"50b7cb7d-1afb-4bea-bc71-27fb4c4ab256","commented","[""H""]","hard","0","164"
"38652eb0-fb0f-4119-8ba8-9efed220cb62","commented","[""G""]","hard","0","204"
"d22a9533-a3b5-4eaa-a969-f25ef319ed4b","commented","[""E""]","medium","0","227"
"394c4e5d-4db4-4a60-87fa-cb1c7d5b1dc6","commented","[""C""]","hard","0","210"
"33c414b2-eba1-46a6-8244-dba8a4d5e14b","commented","[""E""]","medium","1","288"
"bd1057ee-8bf8-4671-87bb-13c8076322f9","commented","[""Y""]","medium","1","251"
"6b3e5b78-2aa2-4595-b5bc-cf7dc0991935","commented","[""G""]","hard","0","242"
"74693ca7-8963-4aef-92bf-e9b38cdc1baf","commented","[""B""]","easy","1","299"
"03ce65c7-5d7b-450a-b32b-b2267998f4ca","commented","[""C""]","easy","1","223"
"11ac38b2-9a0c-4b94-b270-df3a903a7fc1","commented","[""C""]","hard","0","210"
"03243d76-9884-431e-a79d-3a8a66425347","commented","[""E""]","hard","1","143"
"9538fa32-8634-4954-afac-3af6f3e98c04","commented","[""O""]","hard","0","195"
"47121b30-4686-463d-b744-a27ca16a4514","commented","[""C""]","easy","1","171"
"3f429a75-5f9c-4dbd-8604-f19124fa3b58","commented","[""D""]","medium","0","206"
"f24ed6fc-b66c-4305-bc88-5630c15d1a28","commented","[""D""]","easy","1","206"
"473aaf6d-c216-4e40-9f16-31f50eeb96fc","commented","[""H""]","hard","0","258"
"8ca04a65-a106-4dff-8fc0-de29db8caf0a","commented","[""F""]","hard","0","272"
"8e8a1e65-3de6-4ee3-ad26-c87a868481de","commented","[""D""]","medium","0","228"
"ae6e62b4-edee-4761-92db-5578e8d21457","commented","[""L""]","easy","1","250"
"c5ee931e-ec1f-4461-97b4-995abb824603","commented","[""B""]","easy","1","261"
"2b8a812d-5bd3-4ca7-82ad-97394b3694f5","commented","[""G""]","medium","0","264"
"bd8858c0-3307-4b35-96f1-457f285e8e25","commented","[""D""]","medium","0","177"
"88f33bf1-b07c-42af-b514-20cba1fbe0a3","commented","[""C""]","medium","1","234"
"167404e0-fd87-4afc-a7b1-590dc19832ce","commented","[""C""]","hard","0","219"
"78eeaee3-da60-4b85-8ce5-29ff77975957","commented","[""E""]","hard","0","247"
"8d017e20-9318-4a4b-ad4c-dcf8864a4a22","commented","[""B""]","easy","0","254"
"66017da8-1625-443f-ae41-1adfd0f5746a","commented","[""G""]","easy","1","269"
"4543960f-6c6a-45fb-b781-33b2a3a6ecd8","commented","[""G""]","hard","0","205"
"6ea5b2e1-324f-404d-88c1-8c12f93af919","commented","[""B""]","easy","1","152"
"1a7f0003-69aa-4ffb-a5f5-0289d3b94875","commented","[""A""]","medium","0","215"
"9b5d1d4e-33ae-4a3b-b6e3-2bccb9a96372","commented","[""E""]","hard","0","293"
"3150faed-c56a-4593-a061-736ae43a11c5","commented","[""A""]","hard","0","151"
"c53a599e-0767-41bf-9ee3-6529ff33d730","commented","[""I""]","hard","0","154"
"a6316b37-1abc-47d6-9120-ea4ea52ed1b5","commented","[""I""]","hard","0","281"
"5c5c6344-aed9-44fc-af20-0af032a469c8","commented","[""A""]","medium","0","187"
"cb386eb2-f322-4492-854b-7238c9f2c333","commented","[""C""]","easy","1","271"
"9c9fac39-a24d-401a-96c7-03069b983c2f","commented","[""I""]","hard","0","169"
"4d9aca4c-3837-4291-9413-4143838bcb90","commented","[""C""]","medium","0","219"
"ffed3db5-b4fc-4477-8464-5f863675d122","commented","[""A""]","easy","1","226"
"4fc19a16-2d67-44a9-b508-d21b9ed3893d","commented","[""I""]","easy","1","144"
"8bf162f6-9bbb-4a64-bed9-9ed33a674793","commented","[""F""]","hard","0","229"
"387c5422-10a5-4e6c-81bd-42971840ed00","commented","[""F""]","medium","0","311"
"07b09e03-2182-4b63-b2c2-aadafe0abf38","commented","[""C""]","hard","0","257"
"13cd6d78-cd0d-4653-9c12-f358ea5f44ad","commented","[""A""]","hard","0","211"
"2a8b86a4-abde-4851-93e2-f161d94f2e66","commented","[""B""]","easy","1","188"
"b7d435e9-9891-40cf-b6fe-e2d5000b53c2","commented","[""C""]","hard","0","220"
"6d9998d4-f1fa-45c1-859b-8455881bc77d","commented","[""G""]","easy","0","293"
"71645528-50c4-431e-9599-be6da8ad4b1c","commented","[""H""]","hard","1","259"
"cb8ab671-7475-4463-92ab-cc020e289b29","commented","[""H""]","hard","0","251"
"5a0eef53-9de9-4bbf-a336-fc0b6f6f0ef4","commented","[""E""]","medium","1","167"
"afa015bb-fba4-43d7-b055-b5a6b9931ee8","commented","[""F""]","medium","1","169"
"0fd323e2-f4f1-4ceb-9161-11111602a970","commented","[""B""]","hard","0","198"
"1def2fde-ea06-4466-8b06-fe58110fd8f3","answered","[""E""]","","0","150"
"7e72890a-387d-41a2-9121-ea827f0bc4d2","answered","[""F""]","","0","150"
"4f629ab3-414f-416a-b4de-2ea0484202cf","commented","[""F""]","hard","1","265"
"ae5bc22e-b249-4a29-add6-323de44a5858","commented","[""D""]","hard","1","182"
"db6fe382-1026-46d0-b913-a224364fd7c0","commented","[""A""]","easy","1","249"
"79086a0e-b8bf-4d62-a4f7-139fcf876232","commented","[""N""]","hard","0","289"
"cfd9b6ca-bcb9-4447-adbf-5eb6200c1961","commented","[""E""]","medium","0","284"
"003354b7-4dd5-4ac7-abf4-75692f59d815","commented","[""I""]","medium","0","250"
"bfcace29-9414-425a-bf4e-8bd1fbc81db1","commented","[""E""]","easy","1","239"
"9ea6c775-47d3-4050-b973-9418e86e3035","commented","[""C""]","medium","0","260"
"9c4c5264-d938-426c-b016-900a3c479aad","commented","[""E""]","medium","1","158"
"8e12fe2c-ada4-4d9d-95d2-0027f0b2716e","commented","[""C""]","hard","1","252"
"250db6bd-6808-40f0-940c-9844a05fd655","commented","[""L""]","hard","1","241"
"847610fb-1ef0-484e-b35d-2c3655cf7101","commented","[""F""]","easy","1","286"
"ef289a1d-387d-48f3-abf6-e3bd8a5c7fbd","commented","[""D""]","hard","0","280"
"e42666a1-d055-4928-9db5-9067d99fae26","commented","[""A""]","easy","0","277"
"ccad4775-6c5f-4528-8285-be9b93ed9356","commented","[""C""]","medium","1","253"
"47e44dc9-dd58-4385-bc11-bdbd00cb7f7a","commented","[""D""]","medium","0","299"
"e9d99070-ed81-47ec-b231-f5c839d0e95e","commented","[""A""]","medium","0","224"
"88ebf70b-ce04-4c5f-a517-8f2f41298af0","answered","[""B""]","","0","175"
"9c3d7559-f06f-49f0-b330-1368cff3b9b3","commented","[""A""]","medium","0","309"
"d5ab3c16-230f-49ca-a54d-0f4dd24f6709","commented","[""D""]","easy","1","299"
"7cc1e192-5e31-467a-b60a-a269a0decfab","commented","[""H""]","medium","1","214"
"81f6c9af-917c-46b9-8b4d-87d4310b7a4d","commented","[""C""]","easy","1","165"
"5e9f7137-875e-4451-933f-288039dbd7bd","answered","[""C""]","","1","175"
"9dee72d9-5f67-40fa-a11b-b3827bf63b74","commented","[""B""]","medium","0","315"
"d3e253b8-4016-48d0-adac-4dffd6e3b93f","commented","[""E""]","medium","1","245"
"5e489757-8bb5-49fa-8b53-64d774b16491","commented","[""F""]","easy","0","310"
"ee601a73-4a5b-458a-a01c-eb0901cf3c44","answered","[""F""]","","0","267"
"37670b80-19ac-4063-be2b-412c0a56ac67","commented","[""C""]","easy","1","183"
"552fcce0-2fff-4ef2-81f5-15e1cba5fc72","commented","[""A""]","medium","1","275"
"17e9713b-a836-4a1a-ab94-fe1324e997e5","commented","[""I""]","hard","0","148"
"9e25cd0b-ef71-4588-8d3a-b9c1870210ae","commented","[""D""]","medium","0","292"
"5c16d451-f954-4dc1-b6c7-065bc2d11b01","commented","[""F""]","medium","0","298"
"0234f048-2e75-4b38-a476-eb816ad56684","commented","[""E""]","medium","0","274"
"f269ec9e-2cef-46e1-8b9d-dd835dad7ef0","commented","[""F""]","medium","0","298"
"a9182b21-bea1-403b-926e-b1b705e8b567","commented","[""F""]","easy","0","222"
"0b49222e-1919-4391-ac91-3fecbfddd082","answered","[""E""]","","0","175"
"03e902cf-6e35-4793-89f4-b63f6da21418","commented","[""D""]","medium","1","193"
"2ef188fb-30d2-4fe9-9299-a39f770f9f65","commented","[""F""]","hard","0","313"
"74eef522-beaa-42a5-9fe6-c82e23820725","commented","[""E""]","easy","0","244"
"35af3755-b213-43a5-b493-618444fb49a9","commented","[""C""]","medium","1","193"
"e757ce58-7ba3-46bd-aa09-45b2c6168c3c","commented","[""A""]","easy","0","146"
"0ed6fa35-7ed0-47ed-b616-952a3e3705dd","commented","[""B""]","medium","0","193"
"d3748ca1-382e-4c17-b225-b5691e8a9f52","commented","[""A""]","hard","0","193"
"f14e5b77-0eb5-44ca-bfb8-6484047588ac","commented","[""G""]","easy","0","178"
"a39b66b3-0867-4ad1-a513-6e283f6b9705","commented","[""B""]","medium","1","166"
"c7859580-d69e-4e0f-92ad-24854d790c95","answered","[""C""]","","0","308"
"77f75e0c-680a-4497-a2e6-f9a6e808f8b4","commented","[""H""]","medium","1","238"
"e02a512e-5bf3-4eb2-8544-a04b4d731bd9","commented","[""F""]","medium","1","209"
"f13adde4-7622-40aa-a9f4-4a58a9694fca","commented","[""H""]","hard","0","236"
"7be58981-2112-4e37-9865-8a27cd66e59b","commented","[""D""]","medium","0","312"
"fc2e0358-4c7d-4ac0-8f55-654717e8dff1","commented","[""A""]","easy","1","256"
"cf8340cd-4899-414e-83da-488ca40fbc65","commented","[""D""]","medium","1","295"
"3c730fb4-3409-4ec9-a3b0-2154043599cc","commented","[""A""]","medium","0","200"
"5d6f2b4a-bfad-4ea6-abbe-000234f1ff50","commented","[""I""]","medium","0","218"
"04347694-fa25-47ff-8879-2b1a06889f22","commented","[""G""]","easy","0","162"
"68246185-3c0a-44ec-9900-bb28361dbdcc","commented","[""H""]","easy","0","212"
"c09e1e64-9509-47ff-824d-1f27339bde3b","commented","[""H""]","hard","0","207"
"09698dd0-6577-4364-9fc6-da7064cbd3b9","commented","[""A""]","hard","0","276"
"dd6c5d8b-805f-4dc6-b09b-6fb328736d72","commented","[""C""]","medium","1","312"
"0414148a-4680-415b-8dc7-3637b1a09e67","commented","[""H""]","medium","1","217"
"48f68a1b-ed69-49c8-9ec4-bcbe65529dd5","commented","[""B""]","easy","0","202"
"914c1eb3-5e3f-4c12-ab70-fe505092fb72","commented","[""M""]","medium","0","220"
"7b1c2db1-a6e2-4f4b-ac7e-f09b03b9589d","commented","[""B""]","hard","0","152"
"a7f9a4bd-d51c-47ad-9672-202f6d778e03","commented","[""F""]","medium","0","184"
"c63c3b4f-c3d9-4e6e-b4d4-b4caf4c469f1","commented","[""B""]","easy","1","230"
"19e8d62a-1613-4190-ba14-2dfe8da230a8","commented","[""V""]","easy","0","191"
"40d77005-df94-4591-b143-66360aa7591f","commented","[""Q""]","easy","1","196"
"21d54920-e773-4d53-8993-faa0d2b9ea6e","commented","[""A""]","easy","0","191"
"e0f1d735-89d8-4fe8-838e-fe5a335ad7ba","commented","[""E""]","medium","0","149"
"ab8aaa8a-a070-4344-83d7-3d1b35f96739","commented","[""G""]","hard","1","199"
"5365eb16-180a-4e61-acf2-92198c23519e","commented","[""E""]","easy","0","174"
"20c1f6aa-f821-4e9a-aa9d-abc4ba3c74b5","commented","[""E""]","hard","0","286"
"2d5767f5-3002-41c2-8bc1-ed88fe05f54d","commented","[""A""]","medium","1","233"
"84dc3b12-f501-4fa0-9550-41a5bea5e517","commented","[""F""]","hard","1","225"
"804061be-00cd-4bfe-9ada-47d41adec9ec","commented","[""D""]","hard","0","210"
"af89e73f-8c4f-44e4-8b8b-706cbac96385","answered","[""A""]","","0","145"
"cfd9352c-05f1-4489-8478-d433ca8f9361","commented","[""F""]","medium","1","248"
"25b052f9-1d2d-4da7-9d4c-3278f1be7574","commented","[""D""]","medium","1","268"
"53a3c6cd-4d09-4cd3-9fa0-4f521079ea4f","commented","[""B""]","easy","0","270"
"7790deed-c9e0-4871-9311-df47645852c9","commented","[""A""]","medium","0","156"
"b406b145-3925-4ce4-9ddc-18a94b39295f","commented","[""B""]","hard","0","201"
"60965e0a-2e9f-420f-93a2-c7ff26f0a83b","commented","[""O""]","medium","0","270"
"6b2bb50a-2b9f-48e7-90fe-af35edaed029","commented","[""K""]","hard","0","216"
"8399c830-acab-416a-913a-352e33aef153","commented","[""A""]","easy","1","163"
"0b8b5241-d560-4f26-af7c-ac5e44a98cab","commented","[""G""]","hard","1","293"
"2e0e9ba6-761e-4bb7-a812-8acceb51b09e","commented","[""G""]","hard","0","273"
"78e764ff-1bbc-46fc-bd06-4f0ed8019cd4","commented","[""N""]","easy","1","260"
"1d40e642-ee26-4fc4-845e-02fddf1d886b","commented","[""F""]","medium","1","240"
"412a29cd-c3fc-4497-91c2-4a6f65f6c946","commented","[""C""]","medium","0","144"
"4fb21ecd-c43c-4984-a08a-12a33083a715","commented","[""I""]","hard","0","297"
"c66bde0b-72ae-4f3b-81a8-4913794549f3","commented","[""A""]","medium","0","221"
"26e56ea4-1d40-4d71-8592-33dc45def1ee","commented","[""A""]","easy","1","239"
"13e2ea2d-c101-4718-b12e-0e89a667754a","commented","[""B""]","easy","1","279"
"db47f7bc-2140-4894-b3bd-7e91c553f88b","commented","[""I""]","medium","0","249"
"781045fa-dcfa-4a2e-9f70-16019ba19197","commented","[""B""]","easy","1","283"
"2aa5cc97-94d4-48ee-94a4-4647728c1e64","commented","[""A""]","medium","0","162"
"03f30015-ecae-42b6-812e-546425c83878","commented","[""J""]","hard","0","232"
"00b0dd4f-91c6-4f5a-8943-cff8efdfe39e","commented","[""B""]","medium","1","302"
"3e2604af-0f9c-49b5-9ced-a497bcbcf403","commented","[""I""]","medium","1","313"
"a064cc79-da62-4f9a-afdd-5a6e6812dd67","commented","[""C""]","easy","1","252"
"705fceb4-f280-478f-ba15-6bca43499639","commented","[""D""]","hard","0","241"
"cbcbd18c-402f-4bb9-b5b8-6a311d1030f1","commented","[""F""]","hard","1","285"
"0ef26860-d00a-4e83-ac80-e17fd97bfb6b","commented","[""B""]","hard","0","209"
"1e80d9c8-3393-4840-98dd-9f3344c4c60f","commented","[""D""]","hard","0","256"
"8b578b7a-8416-4909-87b5-a0284bc54fe3","commented","[""A""]","medium","1","167"
"77037a5b-dcd6-4515-bc97-207527796637","commented","[""E""]","hard","0","142"
"09ec1e18-03aa-4f42-b367-e814572037c5","commented","[""C""]","hard","0","261"
"b2f66808-0c63-4456-b1c3-b57e25470c14","commented","[""C""]","easy","1","172"
"23b5ff63-2589-4dda-8fa2-7d724d96d6c4","commented","[""D""]","easy","1","269"
"5d5b74b1-d9f3-44eb-9e15-0b19d9a606cf","commented","[""F""]","medium","0","192"
"91175000-886b-45a3-b439-5eb106973efb","commented","[""E""]","hard","1","244"
"1026f41e-c578-4722-867f-569de9685c17","commented","[""E""]","hard","0","213"
"9f4c05dc-43ed-4894-8d31-40ea7c5e9c36","commented","[""C""]","medium","0","273"
"347887e7-4fbd-4efe-adf3-b6e25dd3e998","commented","[""C""]","medium","0","197"
"20f86b96-904c-4e46-9d1d-59f06d5fc3c4","commented","[""G""]","medium","0","243"
"db990d14-32a2-476c-bbcf-5b8857d563eb","commented","[""F""]","hard","0","175"
"fd90bb58-1abd-48ae-81db-b8f18742d875","commented","[""C""]","medium","1","205"
"18b8943e-9c09-4fc6-a2d7-ed7fdf9db3be","commented","[""E""]","medium","0","300"
"198d5eb5-ef66-4fae-9aa5-3aafefc86a20","commented","[""F""]","medium","0","203"
"9881ee56-754c-4c68-b247-f61a796b1f93","commented","[""G""]","easy","1","279"
"bb05e857-9ab0-483f-ab0a-84b30ea8946d","commented","[""E""]","easy","1","224"
"460fb4a6-c4eb-40d0-a6ef-ef4393b07947","commented","[""G""]","medium","1","183"
"f69a095e-6960-4da7-9edb-ab6a659712b0","commented","[""B""]","easy","1","198"
"b6f06549-8719-4df7-8b5a-3ea69a403ef5","commented","[""H""]","hard","0","269"
"8012704b-c124-4e17-9a98-821379a35384","commented","[""C""]","medium","0","155"
"449e3087-c4c7-444c-a237-988bed050019","commented","[""F""]","hard","0","211"
"fe360919-4b3b-4af8-bc58-b9b3d79b5425","commented","[""E""]","hard","0","315"
"c79be50d-9e78-49ee-91f6-6acdbfc19e17","commented","[""B""]","easy","0","311"
"ac4cc2df-8124-4dad-bdd5-2ce384a186c2","commented","[""F""]","easy","1","294"
"80d66eb3-9dfb-4207-b115-8c31702582aa","commented","[""D""]","medium","1","277"
"8cfd9734-1f8b-430f-8be6-ed1598d17c25","commented","[""A""]","easy","1","244"
"c5ffe8b3-076b-410a-98c1-cd0a3299d4d6","commented","[""A""]","hard","0","186"
"6f5f3935-1a30-4086-a1e2-ab09a2715c52","commented","[""C""]","hard","0","189"
"9f86617c-4838-42d4-9733-e3f113844b80","commented","[""B""]","easy","1","171"
"0d01f322-056e-49a4-aee9-e6f71a7bc5b4","commented","[""M""]","medium","1","149"
"bc6519e9-b676-4e84-9cbf-77f4145644e9","commented","[""D""]","easy","0","304"
"5e4dfe01-15f6-4397-888d-0146434baad3","commented","[""I""]","hard","0","190"
"86967936-87ec-4de1-a504-fe8648938328","commented","[""D""]","medium","0","284"
"f540b7cf-a9de-4cbb-a841-77fe3df483d6","commented","[""A""]","medium","1","215"
"59eecebe-88be-4efd-bb3c-d0af777c480e","commented","[""A""]","easy","1","266"
"252bff48-67de-4afd-9565-6beaffdb9be4","commented","[""D""]","easy","1","196"
"3b76e642-c7fa-4e1b-9e75-f3bd0e63ed75","commented","[""F""]","medium","1","309"
"f7d2d6c5-ddb4-4f74-ad8c-9f0b4259cd0f","commented","[""E""]","medium","0","164"
"1bd8b8fd-eae2-42d0-9c51-d8877210c01b","commented","[""F""]","hard","0","182"
"154c1e66-f655-4729-a913-2f34fb75149f","commented","[""E""]","easy","1","275"
"e2a081c2-6057-473f-94cb-f4cebf6f5c06","commented","[""A""]","easy","0","158"
"1af06919-2d4b-406e-9456-7133c3df51ff","commented","[""A""]","hard","0","252"
"7b5b1cfc-8710-4007-b2c6-3a9a11d38124","commented","[""C""]","hard","0","316"
"51b5dce7-0fb6-4c26-982a-569d9c3477dd","commented","[""D""]","medium","0","218"
"d16e4492-a830-4c5c-8391-948f0fc292e8","commented","[""G""]","medium","1","207"
"2c4ec2e7-825e-49ae-bee6-a10e1a8e38b2","commented","[""E""]","easy","0","289"
"94fb55bb-0dec-4d75-a83f-93da99ccd191","commented","[""E""]","medium","0","148"
"495a72c9-71d9-4c98-9a4a-d646151e8f1d","commented","[""H""]","medium","0","237"
"75e6264f-5b76-4133-a6bb-acd1029e972c","commented","[""O""]","easy","0","148"
"b6cb1694-6745-4a6b-8393-2aea9821c2fe","commented","[""H""]","medium","1","289"
"28a86120-80ca-4c13-8f3b-403b8867a435","commented","[""K""]","easy","0","250"
"7bd9f2e2-5d87-43f0-a6ea-0186f0c32cdb","commented","[""A""]","hard","0","188"
"062b92c6-d5f2-40b2-be19-669145e0a823","commented","[""C""]","easy","1","305"
"83e0dc9a-adc3-46a9-a12b-2c9356380b9d","commented","[""B""]","easy","0","301"
"c61a7980-fee5-4481-8b8e-bba20ead571d","commented","[""B""]","easy","0","263"
"a00b1b15-45aa-49fe-84b2-2e834dfaa18f","answered","[""D""]","","0","308"
"30a59246-e544-4ea8-a3a2-c7c9509ebba2","commented","[""D""]","hard","1","194"
"443dd1d3-fd4a-4ac0-8e8d-d74d839a9da8","commented","[""G""]","hard","0","192"
"96f15c24-5392-4a66-b87d-d119382018e8","commented","[""J""]","medium","1","147"
"d214683e-112b-4ca5-8941-9c9358f538fe","commented","[""D""]","medium","1","159"
"21f1636b-9c0c-4e99-88a0-2c592847d46c","commented","[""D""]","easy","1","172"
"ccf1efc8-17c4-4744-9117-8e200bb7a80b","commented","[""G""]","medium","1","230"
"cc733fc2-57e8-4be1-a2fe-3f13047a36a0","commented","[""A""]","medium","0","276"
"7c9d7936-f383-4e0d-b194-7a4e17bfdcca","commented","[""A""]","hard","1","192"
"309dc446-ca58-4f25-b74e-7df7186f63cf","commented","[""D""]","hard","0","296"
"deab7ce8-315b-4b9e-9f98-a52724a7bc42","commented","[""I""]","medium","0","165"
"82b2eeb5-722f-46c2-b079-f5cce345921c","commented","[""A""]","medium","1","259"
"41052898-116c-4421-90f7-f961cd1365d9","commented","[""E""]","hard","0","246"
"94fbfc43-b01a-4c9d-bcda-92116d0b1e41","commented","[""F""]","hard","0","306"
"bc2ef5d1-6da7-4e9e-8e99-2d88d3543394","commented","[""F""]","hard","1","234"
"bae105ad-f02f-478b-8001-f9f2e670f96d","commented","[""B""]","easy","1","265"
"b32e062a-cef9-4e88-8150-ef83068d7379","commented","[""B""]","hard","0","231"
"4d49a61b-837f-429d-83ab-eeefbdef8af7","commented","[""G""]","hard","0","184"
"11ad5dd0-5165-4ec8-9246-f8812f81e374","commented","[""C""]","hard","0","281"
"ee40139b-3c95-4f96-a1ad-2257597f53c6","commented","[""B""]","medium","1","159"
"aa811a9e-1a97-4e28-b682-01b01fc5d6e5","commented","[""B""]","medium","1","223"
"3ed3263b-9d05-4684-a5b1-e283a70a8773","commented","[""F""]","medium","1","294"
"4e7452f1-4959-41ab-ac34-f5fa6ac74987","commented","[""I""]","easy","1","174"
"6c08b003-47f4-490a-8db9-5e8e64317529","commented","[""D""]","easy","1","228"
"85d64148-c6a8-446c-ad17-3ba1f92c8fc6","commented","[""N""]","medium","1","292"
"c016a548-21ab-47a2-b1a6-eaf754067496","commented","[""F""]","medium","1","296"
"ee93f1d9-c450-4bd4-9668-59334012c170","commented","[""F""]","medium","0","224"
"8f41a50c-e7e2-48ff-bbdf-89779b09ac06","commented","[""E""]","easy","1","177"
"c7fb48a2-f588-4bcd-9e09-ffcd22933d29","commented","[""A""]","easy","1","274"
"4b37b416-9af7-415e-8208-13be033b85f9","commented","[""F""]","easy","1","233"
"b3184994-3fbb-4901-9466-cb69a982b7f3","commented","[""F""]","medium","1","313"
"e0ae1b1c-fdff-4791-9123-936973068cfa","commented","[""B""]","hard","0","204"
"01bc69e7-1075-433e-a3c5-741b61b3c57f","commented","[""I""]","medium","0","213"
"660ac69e-22bd-4c3e-8f7d-865550100ca4","commented","[""A""]","hard","0","305"
"b518e318-522d-4268-8df7-5c89f9e801e5","commented","[""C""]","medium","0","301"
"d1796e52-0c01-47ef-a0c2-e8add1f43b8f","commented","[""C""]","medium","0","168"
"a27eb755-cb2e-43ed-8c4a-e982a0376b46","commented","[""A""]","hard","0","225"
"69f5061b-a9ff-4118-a925-4bf336cec8fb","commented","[""C""]","easy","1","227"
"e1a00e54-dbd3-4105-a23c-3d87fd96156e","commented","[""E""]","medium","0","306"
"9b8ddb55-81c4-4cac-87d0-20baf43ef692","commented","[""B""]","easy","1","158"
"43cc230f-8a74-4693-992d-0e7fb8ec5f50","commented","[""G""]","hard","1","144"
"1e370ab4-12f5-4af2-b793-ce473c272215","commented","[""B""]","hard","0","197"
"f0cf3303-fff6-41a0-a3a3-9324fbdfee1e","commented","[""B""]","easy","1","154"
"30e9ed42-ba0d-452c-84ec-d98d590d9a15","commented","[""M""]","medium","0","214"
"ae7b6e48-d5d0-4690-b1e6-c2c641f905f4","commented","[""H""]","hard","0","307"
"69d979eb-2bb8-40d8-90ec-6ec2e698368b","commented","[""B""]","medium","1","198"
"5a91beaf-901a-4e39-a82a-1399cd5fc2e6","commented","[""I""]","medium","0","258"
"ec075f06-c9c7-4919-8096-9863b28f0a74","answered","[""D""]","","0","267"
"c4476efb-f7d6-4e50-9e8e-cbbe2e60995f","commented","[""C""]","medium","1","285"
"cc98478d-24df-420f-89c6-bab298758f59","commented","[""G""]","easy","1","263"
"c4f925bf-e42f-4254-9dc9-58848ee10b69","commented","[""G""]","easy","0","283"
"32e70a0e-dd58-479c-973e-758e936cebc8","commented","[""B""]","medium","0","154"
"9fa75f4f-251d-47a4-be28-3e18847a10f3","commented","[""C""]","easy","1","160"
"636536d3-c80d-4b13-8c3c-7755bcbaa21c","commented","[""I""]","hard","0","196"
"545ce5cf-7870-4a97-8f89-b7a1f74aa3c6","commented","[""B""]","hard","0","274"
"70483f57-9899-4206-9e21-317239d25b0a","commented","[""D""]","easy","1","302"
"4c859450-6844-4a29-b608-4eb24ae9e438","commented","[""F""]","medium","1","164"
"7b2dfab7-1117-483f-bc06-cfce8e5d4db3","commented","[""F""]","easy","1","280"
"a67a2f5f-d655-454d-8718-6f27a4b07bba","commented","[""C""]","hard","1","265"
"71f64bd3-747a-48c6-9713-f6911d70413d","commented","[""A""]","easy","0","262"
"f76e28b1-54eb-4141-a16a-102ac3026454","commented","[""G""]","easy","0","178"
"2f8b1f91-d6a1-448b-aeb1-37e34eb1c043","commented","[""E""]","hard","0","258"
"8e5d125c-43c0-4c91-ae90-503a83dbf1b2","commented","[""L""]","medium","0","260"
"950e8744-da1f-4732-ae46-8f64985f1d55","commented","[""C""]","medium","0","220"
"0f829c70-031c-4ab1-b86f-031d092d8ed7","commented","[""D""]","hard","0","314"
"37a628fa-76b1-4b27-9a5f-f4a5d7654279","commented","[""F""]","easy","1","310"
"ea02de57-5392-48dc-8793-8616fddbc21e","commented","[""A""]","hard","1","201"
"6bbf70f5-c87b-4245-969a-cf5cd6c55120","commented","[""B""]","hard","0","222"
"f8c980b4-aec5-4518-876d-8a2cc9995318","commented","[""A""]","easy","1","254"
"1c3dc1b2-e5bd-44e7-ad61-32a5d49274bf","commented","[""B""]","hard","0","307"
"fc52b5c5-3a38-4034-83f2-6270ba2a1919","commented","[""D""]","hard","0","297"
"67c3e091-bde4-4218-9395-4b8889e42a48","commented","[""E""]","hard","0","290"
"8dc1f1e3-fdc4-4ca4-85cd-9f2e65d16813","commented","[""I""]","easy","1","264"
"be081fe9-32f2-4300-8296-ad6e5c42077f","commented","[""E""]","medium","1","227"
"d6fbd6eb-4959-4b51-a462-a88eac7d9cf7","commented","[""E""]","hard","0","295"
"0860b964-0b59-4d2e-913c-350ed2480c51","commented","[""J""]","hard","0","311"
"d3b4afee-9ab0-4470-b226-f94fc3ab7d7e","commented","[""T""]","medium","1","246"
"30c71a15-68cc-4c6f-bc48-74b6607652a3","commented","[""C""]","easy","0","273"
"c757c8f7-1bdf-4d05-9786-931fcbd7551a","commented","[""H""]","medium","0","190"
"39d19e8d-bf89-4455-bcd9-76c75d02438c","commented","[""E""]","hard","0","268"
"3bc92ffb-7813-4312-887e-8b7d531ca4ae","commented","[""C""]","medium","0","292"
"bbb6f02e-e3ad-426b-ad82-4384a95d02f2","commented","[""I""]","medium","1","290"
"65dae81f-71bc-43e3-93da-d03e4559059f","commented","[""M""]","hard","0","223"
"a0711b3e-b9d3-4d08-b5e1-0006d2e76162","commented","[""B""]","easy","1","265"
"2e312e81-e390-4cdc-a921-51516065b37f","commented","[""B""]","medium","0","290"
"bf3f8ae0-1b24-4d46-802d-7bc0bfeef61d","commented","[""C""]","easy","1","247"
"cd2b333b-7091-482f-9431-7e7239518238","commented","[""A""]","easy","1","316"
"79170cdb-ff47-4598-a64c-8fb23397580b","commented","[""G""]","hard","0","257"
"1b8f1162-88e0-42b9-88fa-63839005e75e","commented","[""E""]","medium","0","296"
"a5cc06f7-4677-4ac0-8184-4e793ec772a2","answered","[""O""]","","1","145"
"5ca7e395-aa6f-4fb1-933a-6e725bed8d0c","commented","[""D""]","medium","0","146"
"6274aad5-ec48-4d66-b02a-e42577697e1f","commented","[""D""]","medium","0","196"
"c739594a-ff30-4af5-8dd7-9295ab174a45","commented","[""B""]","hard","0","158"
"2a9cf2a1-c0a2-4ed0-9364-cabc58e5522e","commented","[""I""]","hard","0","168"
"44135ad5-3349-4497-bf0c-a9544b1b3d1c","commented","[""B""]","hard","0","272"
"e85b87d1-0180-49c6-9268-e0c87c945708","commented","[""C""]","hard","0","145"
"163b0210-675d-4834-84fa-7bbb5e1effb8","commented","[""C""]","hard","0","149"
"1b008775-8d8c-4932-9e9a-beea524f7755","commented","[""D""]","easy","1","154"
"63518c64-aa97-42b9-9786-c3c5770f0bfc","commented","[""C""]","hard","0","145"
"66c4d150-4df0-4cc8-9d70-8360431ed7c8","commented","[""A""]","hard","0","230"
"c7663131-a179-44c6-8877-9c79b4d5b607","commented","[""C""]","hard","0","166"
"6608fb2c-985c-4a1d-87d7-88d8fe0d368e","commented","[""A""]","easy","0","316"
"ca123cde-936c-468d-aafa-ec8edf5584c1","commented","[""B""]","hard","0","174"
"59648160-45be-4c30-bc72-ae84618a2722","commented","[""A""]","easy","1","199"
"57820d77-61f1-4c17-a0f3-bedca9f8fbc9","commented","[""E""]","hard","0","216"
"f2a9f6b0-00c3-40ab-99a4-6de865e8b609","commented","[""I""]","hard","0","302"
"b19f5805-f1da-4904-abbf-828028e0f904","commented","[""I""]","medium","0","311"
"e84fa9dd-b2f7-4c7f-b2cc-a41a25ddd640","commented","[""I""]","easy","1","208"
"8c0bd904-08b0-4320-98bd-ac8a60171b9b","commented","[""H""]","hard","0","248"
"47457b25-83fe-41a7-929e-f323c6d979fb","commented","[""H""]","medium","0","301"
"171328f2-e8df-4e7d-97e5-626e45d6a871","commented","[""D""]","medium","1","295"
"3a9d9e36-087b-495d-8a02-7e80c4b0aacf","commented","[""B""]","medium","1","197"
"fcf664fd-a5c4-42fa-8ed3-d4245f8b68c4","answered","[""F""]","","0","291"
"b271a100-e622-49d7-8313-5eb92398f3bc","commented","[""A""]","medium","0","253"
"4fa4e8af-a73b-4795-8d65-2b71266968ab","commented","[""K""]","hard","0","195"
"c016a548-21ab-47a2-b1a6-eaf754067496","commented","[""F""]","easy","1","304"
"af89e73f-8c4f-44e4-8b8b-706cbac96385","commented","[""E""]","medium","0","152"
"818801da-9247-409d-9137-f71875e535b0","commented","[""E""]","medium","1","277"
"8e5d125c-43c0-4c91-ae90-503a83dbf1b2","commented","[""L""]","easy","0","217"
"7cc1e192-5e31-467a-b60a-a269a0decfab","commented","[""I""]","medium","0","234"
"fc0c2c01-aebe-4f0e-bcab-f916a9a86a68","commented","[""A""]","hard","0","243"
"4f629ab3-414f-416a-b4de-2ea0484202cf","commented","[""F""]","easy","1","185"
"0a2129a1-9844-43e9-bd51-3af984640362","commented","[""A""]","easy","1","245"
"ab54b7b5-3c63-4c26-a1db-76ff766ebc36","commented","[""C""]","easy","0","177"
"8399c830-acab-416a-913a-352e33aef153","commented","[""A""]","easy","1","199"
"379746b0-6fde-451b-9da8-b9db1e76bcb0","commented","[""B""]","medium","1","182"
"b7d435e9-9891-40cf-b6fe-e2d5000b53c2","commented","[""A""]","hard","0","240"
"28fa4ee5-8ff2-4601-bb27-0ef95d2fa983","commented","[""C""]","easy","1","303"
"52f6be9e-3c7b-4ac1-803d-654a8167b6e7","commented","[""E""]","hard","1","300"
"cfd9352c-05f1-4489-8478-d433ca8f9361","commented","[""F""]","medium","1","233"
"c7e08a43-7704-46f2-a048-3bf066636c16","commented","[""G""]","hard","1","254"
"c63c3b4f-c3d9-4e6e-b4d4-b4caf4c469f1","commented","[""B""]","medium","1","228"
"b144485d-4a8d-4854-9f9d-aa85454a9be0","commented","[""B""]","medium","0","303"
"c86273a3-8db6-4d97-bc97-59deda1fbceb","commented","[""D""]","easy","1","213"
"d5b1c2fa-a4ba-4018-b8be-92054a51dc6e","commented","[""C""]","hard","0","247"
"f69a095e-6960-4da7-9edb-ab6a659712b0","commented","[""B""]","easy","1","281"
"70483f57-9899-4206-9e21-317239d25b0a","commented","[""D""]","medium","1","209"
"dfc54a7c-be8b-4738-ba69-1e43bb273778","commented","[""A""]","hard","1","199"
"7bf65783-f66d-40dd-8472-9ed3c9a0a9a3","commented","[""A""]","hard","0","241"
"979d3970-c105-4d0f-9f40-34bd41e50f0f","commented","[""F""]","easy","0","266"
"ee40139b-3c95-4f96-a1ad-2257597f53c6","commented","[""B""]","easy","1","183"
"72356220-8282-414b-9257-17d224e0298e","commented","[""E""]","medium","0","189"
"729370bf-d496-44b2-8d16-5297b231425e","commented","[""B""]","medium","1","314"
"bb01b9e1-c780-47ee-bd26-e7d42aaddff6","commented","[""H""]","easy","0","238"
"81b3ec04-1d02-4863-a85b-b2c19a81c6c7","commented","[""F""]","medium","0","249"
"b0e74a86-4843-4a47-8d2a-9124851df85c","commented","[""F""]","medium","0","211"
"7be58981-2112-4e37-9865-8a27cd66e59b","commented","[""C""]","hard","0","186"
"9b8ddb55-81c4-4cac-87d0-20baf43ef692","commented","[""B""]","easy","1","146"
"d29343ea-f3ec-496d-81cb-9bfd51eae269","commented","[""D""]","medium","0","284"
"c35cd490-73fa-40f2-a955-09c28c037022","commented","[""E""]","hard","0","231"
"c971b9d3-4194-4183-bbfa-85b1709b8707","commented","[""B""]","medium","0","309"
"475c0669-cb41-4032-bc74-d5b98ca53077","commented","[""E""]","easy","1","251"
"85d64148-c6a8-446c-ad17-3ba1f92c8fc6","commented","[""N""]","hard","1","190"
"84128cc3-ea33-4e73-b476-8c174362d244","commented","[""D""]","medium","0","253"
"3f429a75-5f9c-4dbd-8604-f19124fa3b58","commented","[""D""]","medium","0","236"
"88ebf70b-ce04-4c5f-a517-8f2f41298af0","commented","[""B""]","medium","0","280"
"c17cf711-a319-4d52-8c9f-8a976f15cf01","commented","[""E""]","easy","1","264"
"e85b87d1-0180-49c6-9268-e0c87c945708","commented","[""E""]","hard","0","203"
"9f86617c-4838-42d4-9733-e3f113844b80","commented","[""B""]","hard","1","266"
"59986e69-40f5-4e99-9ccd-170e69d22ad4","commented","[""D""]","hard","0","198"
"49b65633-c413-4995-8b71-b44f71550209","commented","[""G""]","hard","0","282"
"cfd9b6ca-bcb9-4447-adbf-5eb6200c1961","commented","[""E""]","medium","0","178"
"e1a00e54-dbd3-4105-a23c-3d87fd96156e","commented","[""B""]","easy","0","304"
"c1ce0085-0a6b-4fc4-97d4-9de12e25df78","answered","[""C""]","","1","291"
"81cb09aa-de54-454e-b1b1-ab4490cc5b7b","commented","[""C""]","easy","1","146"
"d4630ffe-2e96-4ea2-b9b2-916be3ce6739","commented","[""A""]","hard","0","194"
"953b0a83-7807-4e93-a5ee-77bc9b1b5d61","commented","[""B""]","medium","0","297"
"1266c807-3d95-477e-9a2b-73c8bd812f69","commented","[""D""]","medium","0","300"
"00b0dd4f-91c6-4f5a-8943-cff8efdfe39e","commented","[""B""]","easy","1","174"
"ae7b6e48-d5d0-4690-b1e6-c2c641f905f4","commented","[""K""]","medium","0","214"
"44284912-9582-4cdd-9ce2-af6fe592c81b","commented","[""G""]","medium","0","217"
"8e90cdd3-dc0e-4395-8115-4dacaedbb431","commented","[""H""]","easy","1","160"
"450e73a8-8930-4f08-b4d3-07e24ed97a0d","commented","[""E""]","hard","0","258"
"ae6e62b4-edee-4761-92db-5578e8d21457","commented","[""J""]","hard","0","240"
"c53a599e-0767-41bf-9ee3-6529ff33d730","commented","[""A""]","hard","0","257"
"b7424229-6614-437b-86b2-a8b92f395e9f","commented","[""D""]","hard","1","268"
"bfa22d6c-ac1b-4a08-8080-4f4d603f63ab","commented","[""A""]","medium","0","188"
"7b1c2db1-a6e2-4f4b-ac7e-f09b03b9589d","commented","[""G""]","medium","1","208"
"41052898-116c-4421-90f7-f961cd1365d9","commented","[""E""]","easy","0","264"
"24c9c73a-13d9-4f72-b330-35aef0da16fc","commented","[""F""]","hard","0","221"
"fc52b5c5-3a38-4034-83f2-6270ba2a1919","commented","[""J""]","hard","1","248"
"f4f905a0-6f9f-4a51-ae91-3a1f0d787a42","commented","[""C""]","hard","0","228"
"2c4ec2e7-825e-49ae-bee6-a10e1a8e38b2","commented","[""L""]","hard","0","251"
"845a096b-14ef-4c94-9bc1-23d21e295509","commented","[""D""]","medium","1","263"
"18b8943e-9c09-4fc6-a2d7-ed7fdf9db3be","commented","[""C""]","medium","1","186"
"46cfd641-6ccd-4ee3-936e-2da4b9aa1a4c","commented","[""C""]","medium","1","147"
"53c5bf49-b6a0-496b-b886-4b0da0ff22fc","commented","[""D""]","hard","0","204"
"e5b46bbc-20bd-49ef-bf13-9c20f87a3e4a","commented","[""D""]","hard","0","232"
"ccad4775-6c5f-4528-8285-be9b93ed9356","commented","[""C""]","easy","1","314"
"4c574180-6019-44e4-a009-31a6b33cf408","commented","[""D""]","medium","0","195"
"9104ca46-b2fc-4b0b-9df6-251f49b1fa6d","commented","[""A""]","medium","1","297"
"cc733fc2-57e8-4be1-a2fe-3f13047a36a0","commented","[""A""]","hard","0","177"
"c61a7980-fee5-4481-8b8e-bba20ead571d","commented","[""B""]","medium","0","231"
"1026f41e-c578-4722-867f-569de9685c17","commented","[""D""]","hard","0","245"
"394c4e5d-4db4-4a60-87fa-cb1c7d5b1dc6","commented","[""A""]","hard","0","185"
"6116f600-ce80-41ce-832c-e7f1e4ee2b72","commented","[""F""]","hard","0","304"
"03d48462-6a7b-41b8-8460-d1f96a4803d7","commented","[""D""]","easy","1","262"
"35af3755-b213-43a5-b493-618444fb49a9","commented","[""B""]","medium","0","232"
"52386840-2b24-40a7-ae43-890232100e36","commented","[""D""]","easy","0","166"
"94fb55bb-0dec-4d75-a83f-93da99ccd191","answered","[""D""]","","0","267"
"ef451d42-8e4f-4ddf-bc55-d1a26690b76f","commented","[""N""]","hard","0","272"
"99929bc7-1bea-430e-932b-cfebea81ac5e","commented","[""G""]","hard","0","221"
"aa811a9e-1a97-4e28-b682-01b01fc5d6e5","commented","[""B""]","easy","1","165"
"817b2c60-3c8b-4b2d-99ae-df251d961a5e","commented","[""J""]","hard","0","194"
"db990d14-32a2-476c-bbcf-5b8857d563eb","commented","[""G""]","medium","1","262"
"461b6245-8c81-4335-897d-c017c8d765dd","commented","[""D""]","hard","0","147"
"3e72484f-9553-460d-b171-61d2b3382cb5","commented","[""B""]","easy","0","249"
"9c4c5264-d938-426c-b016-900a3c479aad","commented","[""E""]","easy","1","254"
"2116c841-f996-4bae-98c3-3f5c95e21ff7","commented","[""D""]","easy","1","208"
"0b8b5241-d560-4f26-af7c-ac5e44a98cab","commented","[""G""]","hard","1","257"
"b32e062a-cef9-4e88-8150-ef83068d7379","commented","[""H""]","medium","0","185"
"93f72dc5-7244-49ae-b90e-54da731ca129","commented","[""F""]","medium","0","203"
"4ccec103-fbc8-45bd-90b7-131974e9c370","commented","[""C""]","medium","0","204"
"66d941e1-0f03-4462-bcd9-bcb78162c54b","commented","[""A""]","easy","1","217"
"20c1f6aa-f821-4e9a-aa9d-abc4ba3c74b5","commented","[""T""]","medium","0","282"
"2a9cf2a1-c0a2-4ed0-9364-cabc58e5522e","commented","[""M""]","hard","0","282"
"9f0aa584-1659-49c9-b813-ab7d2cdf1c04","commented","[""D""]","hard","1","300"
"38652eb0-fb0f-4119-8ba8-9efed220cb62","commented","[""C""]","medium","0","216"
"a14fc9b7-e72a-4f65-92bf-a9c18482eb67","commented","[""B""]","easy","1","231"
"3f736e36-32e0-4108-952c-dd108916d651","commented","[""D""]","easy","0","203"
"1e370ab4-12f5-4af2-b793-ce473c272215","commented","[""P""]","hard","0","221"
"5a0eef53-9de9-4bbf-a336-fc0b6f6f0ef4","commented","[""C""]","easy","0","268"
"a7f9a4bd-d51c-47ad-9672-202f6d778e03","commented","[""O""]","medium","0","272"
